English,CEFR,gender,wordTrad,wordSimp,pronunciation,wordAudio,definition,sentenceAudio,example,sentenceTranslation,Audio to Delete,Audio to Add,Notes,id
one,A1,numeral,一,一,yī,X,,X,桌上有一杯咖啡。,There’s a cup of coffee on the table.,,,,ubnh8u99ln
"for a bit, try",A1,adverb,一下,一下,yīxià,X,,X,請等一下，我馬上回來。,Please wait a moment. I’ll be right back.,,,,z3581156rg
January,A1,noun,一月,一月,yīyuè,X,,X,一月的台北常常又濕又冷。,Taipei is often damp and cold in January.,,,,twg9k76kol
"once, one time",A1,adverb,一次,一次,yīcì,X,,X,這家餐廳我只去過一次。,I’ve only been to this restaurant once.,,,,y53lwjja4t
together,A1,adverb,一起,一起,yīqǐ,X,,X,週末要不要一起去看電影？,Do you want to go see a movie together this weekend?,,,,zxuchmgwag
"a little, a bit",A1,quantifier,一點,一点,yīdiǎn ,X,,X,咖啡裡加一點牛奶就好。,Just add a little milk to the coffee.,,,,bmapqr78ki
"a little, a bit",A1,quantifier,一點兒,一点儿,yīdiǎnr,X,,X,可以給我一點兒時間嗎？,Could you give me a little time?,,,,lhkswn90na
three,A1,numeral,三,三,sān,X,,X,冰箱裡還有三顆蛋。,There are still three eggs in the fridge.,,,,cucstvqkfh
go up,A1,verb,上,上,shàng,X,,X,請上二樓找陳醫師。,Please go up to the second floor to see Dr. Chen.,,,,yw27i0ucdt
morning,A1,noun,上午,上午,shàngwǔ ,X,,X,上午有一場重要的會議。,There’s an important meeting this morning.,,,,w5p2omkzjp
Shanghai,A1,proper noun,上海,上海,shànghǎi,X,,X,明年想去上海旅行。,I want to travel to Shanghai next year.,,,,j020s5c2e5
go to work,A1,verb,上班,上班,shàngbān,X,,X,每天八點半開始上班。,Work starts at 8:30 every day.,,,,hpsxnahwzy
start class,A1,verb,上課,上课,shàngkè,X,,X,星期一早上要上課。,There’s class on Monday morning.,,,,js0m2pm0cu
"below, next",A1,verb,下,下,xià,X,,X,到站後請從後門下車。,Please get off through the rear door when you reach your stop.,,,,huabddqgyq
afternoon,A1,noun,下午,下午,xiàwǔ,X,,X,下午三點有空嗎？,Are you free at three this afternoon?,,,,ri2d93kfog
good afternoon,A1,interjection,下午好,下午好,xiàwǔ hǎo,X,,X,下午好，歡迎各位來參加今天的活動。,"Good afternoon, and welcome to today’s event.",,,,8lv5j3jdya
leave work,A1,verb,下班,下班,xiàbān,X,,X,下班後要不要去吃飯？,Do you want to get something to eat after work?,,,,49l7e7fuyy
finish class,A1,verb,下課,下课,xiàkè,X,,X,下課後記得把作業交給老師。,Remember to hand in your homework to the teacher after class.,,,,hrrl26j9rt
rain,A1,verb,下雨,下雨,xiàyǔ,X,,X,外面正在下雨，記得帶傘。,"It’s raining outside, so remember to bring an umbrella.",,,,d3nx0l90v1
snow (verb),A1,verb,下雪,下雪,xiàxuě,X,,X,山上冬天常常下雪。,It often snows in the mountains in winter.,,,,mfb4qf7jbf
"not, no",A1,adverb,不,不,bù,X,,X,今天不想出門。,I don’t feel like going out today.,,,,rfn6g0t9mg
world,A1,adjective,世界,世界,shìjiè,X,,X,她想去世界各地旅行。,She wants to travel around the world.,,,,bfxinevqru
two,A1,numeral,兩,两,liǎng,X,,X,桌上有兩本書。,There are two books on the table.,,,,yqxidndsnb
"during, under",A1,localizer,中,中,zhōng,X,,X,房間中有一張大桌子。,There’s a large table in the middle of the room.,,,,dq0ipgvz41
"hit, strike",A1,localizer,中,中,zhòng,X,,X,人群中突然有人叫了我的名字。,Someone in the crowd suddenly called my name.,,,,avwsbfns1r
China,A1,proper noun,中國,中国,zhōngguó,X,,X,第一次去中國是十年前。,The first time I went to China was ten years ago.,,,,wk4mww31nu
Chinese,A1,noun,中文,中文,zhōngwén,X,,X,他會說一點中文。,He can speak a little Chinese.,,,,13induzoir
"also, too",A1,adverb,也,也,yě ,X,,X,我也想去看看。,I want to go take a look too.,,,,8ur1xayssg
maybe,A1,adverb,也許,也许,yěxǔ,X,,X,也許明天會比較有空。,Maybe I’ll have more free time tomorrow.,,,,t6gbwnxohu
change marker,A1,particle,了,了,le,X,,X,雨停了，我們出去走走吧。,The rain has stopped. Let’s go for a walk.,,,,nlpsjmt3bm
thing,A1,noun,事,事,shì,X,,X,這件事先不要告訴別人。,Don’t tell anyone about this yet.,,,,0r9plq9d21
two,A1,numeral,二,二,èr,X,,X,我們二月底要搬家。,We’re moving at the end of February.,,,,0tbch69avx
person,A1,noun,人,人,rén,X,,X,公園裡有很多人。,There are a lot of people in the park.,,,,rzkgd3fsyo
what,A1,verb phrase,什麼,什么,shénme,X,,X,晚餐想吃什麼？,What do you want to eat for dinner?,,,,zsaw04ntpq
when,A1,interrogative pronoun,什麼時候,什么时候,shénme shíhòu,X,,X,你什麼時候有空？,When are you free?,,,,hf3m21xngb
today,A1,noun,今天,今天,jīntiān,X,,X,今天不用上班。,I don’t have to work today.,,,,qh0xvo1y2w
"this evening, tonight",A1,noun,今晚,今晚,jīnwǎn,X,,X,今晚想早一點睡。,I want to go to bed a little earlier tonight.,,,,icnxad49a5
introduce,A1,verb/noun,介紹,介绍,jièshào,X,,X,可以先介紹一下自己嗎？,Could you introduce yourself first?,,,,8crft6ft9n
"he, him",A1,pronoun,他,他,tā,X,,X,他現在不在辦公室。,He’s not in the office right now.,,,,wnjorb3mvc
live,A1,verb,住,住,zhù,X,,X,目前住在台北。,I currently live in Taipei.,,,,3ar0kma8es
you,A1,pronoun,你,你,nǐ,X,,X,你今天怎麼這麼早到？,Why did you get here so early today?,,,,xihcimsdmw
hello,A1,interjection,你好,你好,nǐ hǎo,X,,X,你好，請問這裡有人坐嗎？,"Hello, is anyone sitting here?",,,,x582rfexme
come,A1,verb,來,来,lái,X,,X,有空的話，週末來我家吃飯吧。,"If you’re free, come over to my place for dinner this weekend.",,,,6etefs6kld
Russia,A1,proper noun,俄羅斯,俄罗斯,éluósī,X,,X,她去年去俄羅斯旅行了一個月。,She traveled in Russia for a month last year.,,,,lgpea20koe
classifier for general items,A1,classifier,個,个,ge,X,,X,我想買一個新的背包。,I want to buy a new backpack.,,,,5z1avp6klr
London,A1,proper noun,倫敦,伦敦,lúndūn,X,,X,倫敦冬天很早就天黑了。,It gets dark very early in London in winter.,,,,iy3t3a91pv
"do, make",A1,verb,做,做,zuò,X,,X,週末通常會在家做飯。,I usually cook at home on weekends.,,,,f0h94um2bk
health,A1,adjective/noun,健康,健康,jiànkāng,X,,X,每天走路對健康很好。,Walking every day is good for your health.,,,,hwp84f5x0x
"company, corporation",A1,noun,公司,公司,gōngsī,X,,X,公司附近有很多餐廳。,There are a lot of restaurants near the company.,,,,6sf35rht9z
park,A1,noun,公園,公园,gōngyuán,X,,X,吃完晚餐後去公園散步吧。,Let’s take a walk in the park after dinner.,,,,mmr56u28pl
other,A1,pronoun/adjective,其他,其他,qítā,X,,X,還有其他問題嗎？,Are there any other questions?,,,,iyipehy3jm
winter,A1,noun,冬天,冬天,dōngtiān,X,,X,台北的冬天常常下雨。,It often rains in Taipei in winter.,,,,ljz6xd6swy
ice,A1,noun,冰,冰,bīng,X,,X,杯子裡的冰都融化了。,The ice in the cup has all melted.,,,,mleelzqq4q
ice cream,A1,noun,冰激凌,冰激凌,bīngjīlíng,X,,X,天氣太熱了，想吃冰淇淋。,It’s too hot. I want some ice cream.,,,,w53l8p64d0
knife,A1,noun,刀,刀,dāo,X,,X,切水果的時候要小心用刀。,Be careful with the knife when cutting fruit.,,,,wkx8om7zyj
other people,A1,pronoun,別人,别人,biérén,X,,X,不要隨便拿別人的東西。,Don’t take other people’s things without asking.,,,,t2d5h65nyd
brush,A1,noun,刷子,刷子,shuāzi,X,,X,這把刷子是用來洗鞋子的。,This brush is for cleaning shoes.,,,,wkkuemglmf
just,A1,adverb,剛,刚,gāng,X,,X,剛吃完飯，現在還不餓。,"I just finished eating, so I’m not hungry yet.",,,,tbj0ajg6qm
by-product,A1,noun,副產品,副产品,fùchǎnpǐn,X,,X,豆漿是製作豆腐時產生的副產品之一。,Soy milk is one of the by-products produced when making tofu.,,,,pfday93fgo
animal,A1,noun,動物,动物,dòngwù,X,,X,這種動物晚上比較活躍。,This animal is more active at night.,,,,plbfetxfzd
animal zoo,A1,noun,動物園,动物园,dòngwùyuán,X,,X,週末帶小朋友去動物園看熊貓。,Let’s take the kids to the zoo to see the pandas this weekend.,,,,jl10jz3dpy
north,A1,direction noun,北,北,běi,X,,X,火車正在往北開。,The train is heading north.,,,,9sgk6loweg
Beijing,A1,proper noun,北京,北京,běijīng,X,,X,北京的冬天非常冷。,Winters in Beijing are very cold.,,,,i1ncc83f93
card,A1,noun,卡,卡,kǎ,X,,X,可以刷卡嗎？,Can I pay by card?,,,,m6yyk3zkit
karaoke,A1,noun,卡拉OK,卡拉OK,kǎlā'ōukèi,X,,X,吃完飯要不要去唱卡拉OK？,Do you want to go sing karaoke after dinner?,,,,tccm5s4c53
kitchen,A1,noun,廚房,厨房,chúfáng,X,,X,廚房裡有一股咖啡香。,There’s a smell of coffee coming from the kitchen.,,,,oyz3qqguxg
"go, leave",A1,verb,去,去,qù,X,,X,明天想去海邊走走。,I want to go for a walk by the sea tomorrow.,,,,78ymchdqbe
"participate, join in",A1,verb,參加,参加,cānjiā,X,,X,下週要參加朋友的婚禮。,I’m going to a friend’s wedding next week.,,,,webg0xll8e
sentence,A1,noun,句子,句子,jùzi,X,,X,這個句子有點難懂。,This sentence is a little hard to understand.,,,,s375fzrq61
be called,A1,verb,叫,叫,jiào,X,,X,這隻貓叫小白。,This cat is called Xiaobai.,,,,0i7yrcykpf
cola,A1,noun,可樂,可乐,kělè,X,,X,我要一杯可樂，不加冰。,I’d like a Coke with no ice.,,,,muqod9yron
Taiwan,A1,proper noun,台灣,台湾,táiwān,X,,X,第一次去台灣是五年前。,The first time I went to Taiwan was five years ago.,,,,wimckcdil3
eat,A1,verb,吃,吃,chī,X,,X,早上通常只吃一片吐司。,I usually only eat one slice of toast in the morning.,,,,302817hi5y
eat,A1,verb,吃飯,吃飯,chīfàn,X,,X,晚上六點一起吃飯吧。,Let’s have dinner together at six.,,,,w88cmxsdfk
name,A1,noun,名字,名字,míngzi,X,,X,請在這裡寫下名字。,Please write your name here.,,,,yqi15fx1sd
and,A1,conjunction,和,和,hé,X,,X,咖啡和茶都可以。,Coffee or tea is fine.,,,,xn3kliw1s7
where,A1,interrogative pronoun,哪兒,哪儿,nǎr,X,,X,你想去哪兒？,Where do you want to go?,,,,6rqos3yke4
where,A1,interrogative pronoun,哪裡,哪里,nǎlǐ,X,,X,洗手間在哪裡？,Where is the restroom?,,,,emnuwj0eme
materialism,A1,noun,唯物主義,唯物主义,wéiwù zhǔyì,X,,X,這門課會介紹唯物主義的基本概念。,This course will introduce the basic concepts of materialism.,,,,nlwcfcy8kp
"store, shop",A1,noun,商店,商店,shāngdiàn,X,,X,樓下有一家便利商店。,There’s a convenience store downstairs.,,,,8unkd3wjve
ask,A1,verb,問,問,wèn,X,,X,有不懂的地方可以直接問老師。,"If there’s anything you don’t understand, you can ask the teacher directly.",,,,cek3d49wg2
"question, problem",A1,noun,問題,問題,wèntí,X,,X,這個問題很難回答。,This question is difficult to answer.,,,,fns3xy9yqf
beer,A1,noun,啤酒,啤酒,píjiǔ,X,,X,這家店有賣台灣啤酒。,This store sells Taiwanese beer.,,,,32r85ji44b
like,A1,verb,喜歡,喜欢,xǐhuan,X,,X,很喜歡這家店的咖啡。,I really like the coffee at this place.,,,,k3xg04gfvl
question marker,A1,particle,嗎,吗,ma,X,,X,你今天要上班嗎？,Do you have to work today?,,,,tug1dno47l
"country, nation",A1,noun,國家,国家,guójiā,X,,X,這個國家的物價很高。,Prices are very high in this country.,,,,lxvvtiis80
library,A1,noun,圖書館,图书馆,túshūguǎn,X,,X,圖書館晚上九點關門。,The library closes at nine in the evening.,,,,jsgnb7g9vw
at,A1,preposition,在,在,zài,X,,X,我在門口等你。,I’ll wait for you at the entrance.,,,,il9u7evo36
map,A1,noun,地圖,地图,dìtú,X,,X,可以在地圖上指出車站的位置嗎？,Can you point out the station on the map?,,,,ujz538llvp
address,A1,noun,地址,地址,dìzhǐ,X,,X,請把地址傳給我。,Please send me the address.,,,,578nvdgq6x
place,A1,noun,地方,地方,dìfāng ,X,,X,這附近有沒有安靜一點的地方？,Is there somewhere quieter around here?,,,,jh7yv2w3wb
subway,A1,noun,地鐵,地铁,dìtiě,X,,X,坐地鐵去市中心很方便。,It’s very convenient to take the metro downtown.,,,,42wmx8sxoo
"trash, garbage",A1,noun,垃圾,垃圾,lājī,X,,X,垃圾記得拿出去丟。,Remember to take the trash out.,,,,3h3q85sx2c
city,A1,noun,城市,城市,chéngshì,X,,X,這座城市的公車很方便。,The buses in this city are very convenient.,,,,671ce8tqpf
sushi,A1,noun,壽司,寿司,shòusī,X,,X,這家店的壽司很新鮮。,The sushi at this restaurant is very fresh.,,,,h9aoz3gn3p
summer,A1,noun,夏天,夏天,xiàtiān,X,,X,夏天最想待在有冷氣的地方。,"In summer, I most want to stay somewhere with air conditioning.",,,,51cgp1l5mo
outside,A1,noun/localizer,外面,外面,wàimiàn,X,,X,外面很冷，多穿一件外套吧。,"It’s very cold outside, so put on another layer.",,,,x4ntuvwznn
"many, much",A1,adjective,多,多,duō,X,,X,今天來的人很多。,A lot of people came today.,,,,zrruuk6ka5
"how many, how much",A1,interrogative pronoun,多少,多少,duōshao,X,,X,你們班有多少學生？,How many students are there in your class?,,,,ib1824gr03
somewhat,A1,interrogative pronoun/adverb,多少,多少,duōshǎo,X,,X,這件事我多少了解一點。,I know a little about this.,,,,yib1ox8z8x
large,A1,adjective,大,大,dà,X,,X,這個房間比想像中大。,This room is bigger than I expected.,,,,mpn8bxim07
university,A1,noun,大學,大学,dàxué,X,,X,大學畢業後想先工作幾年。,I want to work for a few years after graduating from university.,,,,jv5zk0jzcv
everyone,A1,pronoun,大家,大家,dàjiā,X,,X,大家都準備好了嗎？,Is everyone ready?,,,,s0ceafnsou
sky,A1,noun,天,天,tiān,X,,X,今天是個很忙的一天。,Today has been a very busy day.,,,,h186rcwlc1
every day,A1,adverb,天天,天天,tiāntiān,X,,X,最近天天都在下雨。,It’s been raining every day lately.,,,,g08g5ahnlc
weather,A1,noun,天氣,天气,tiānqì,X,,X,明天天氣可能會變冷。,The weather may turn colder tomorrow.,,,,im5ep61rul
too,A1,adverb,太,太,tài,X,,X,這件衣服太貴了。,These clothes are too expensive.,,,,uvarh6bzn1
woman,A1,noun,女人,女人,nǚrén,X,,X,那個女人正在等公車。,That woman is waiting for the bus.,,,,r5sq743fhd
"she, her",A1,pronoun,她,她,tā,X,,X,她今天請假沒來。,She took the day off today and didn’t come in.,,,,q1zhvrlf5j
"good, okay",A1,adjective/adverb/verb,好,好,hǎo,X,,X,這裡的生活環境很好。,The living environment here is very good.,,,,y4l53kkmr8
tasty,A1,adjective,好吃,好吃,hǎochī ,X,,X,這碗牛肉麵真的很好吃。,This bowl of beef noodles is really delicious.,,,,pmabyfkgy4
school,A1,noun,學校,学校,xuéxiào,X,,X,學校離我家很近。,The school is very close to my house.,,,,xig1r9g0sf
student,A1,noun,學生,学生,xuéshēng,X,,X,教室裡已經有很多學生了。,There are already a lot of students in the classroom.,,,,pipwcydme4
"learn, study",A1,verb/noun,學習,学习,xuéxí,X,,X,最近開始學習中文。,I recently started learning Chinese.,,,,xa5hi1yy5k
"safe, safety",A1,noun/adjective,安全,安全,ānquán,X,,X,晚上一個人走這條路安全嗎？,Is it safe to walk along this road alone at night?,,,,u4aie7etk1
classifier for establishments,A1,classifier,家,家,jiā,X,,X,附近新開了三家咖啡店。,Three new coffee shops have opened nearby.,,,,m916mjmvy7
home,A1,noun/classifier,家,家,jiā,X,,X,我家離捷運站很近。,My home is very close to the metro station.,,,,capvfbx0bt
write,A1,verb,寫,写,xiě,X,,X,請把名字寫在這裡。,Please write your name here.,,,,uqtj21o9ds
write a letter,A1,verb,寫信,写信,xiěxìn,X,,X,以前常常寫信給住在國外的朋友。,I used to often write letters to friends who lived abroad.,,,,dquwmz5bfv
"small, young",A1,adjective,小,小,xiǎo,X,,X,這個房間有點小。,This room is a little small.,,,,alfqfqk4bi
puppy,A1,noun,小狗,小狗,xiǎogǒu,X,,X,公園裡有一隻小狗在跑。,There’s a little dog running in the park.,,,,qz2v7pn1vh
kitten,A1,noun,小貓,小猫,xiǎomāo,X,,X,那隻小貓躲在桌子下面。,That kitten is hiding under the table.,,,,jce6xh68v3
"work, job",A1,noun,工作,工作,gōngzuò,X,,X,最近工作比較忙。,Work has been pretty busy lately.,,,,ihn1o9e2ab
chocolate,A1,noun,巧克力,巧克力,qiǎokèlì,X,,X,這塊巧克力有點苦。,This piece of chocolate is a little bitter.,,,,b9p0uhlali
hope,A1,verb/noun,希望,希望,xīwàng,X,,X,希望明天不要下雨。,I hope it doesn’t rain tomorrow.,,,,jtkheymjui
"grade, year",A1,noun,年級,年级,niánjí,X,,X,妹妹今年讀三年級。,My younger sister is in third grade this year.,,,,e1ppj1fygm
classifier for flat objects,A1,classifier,張,张,zhāng,X,,X,桌上放著一張照片。,There’s a photo on the table.,,,,kl0nxrt2ms
very,A1,noun,很,很,hěn,X,,X,今天真的很累。,I’m really tired today.,,,,a2rb7llorg
from,A1,preposition,從,从,cóng,X,,X,從車站走到這裡大概要十分鐘。,It takes about ten minutes to walk here from the station.,,,,62c90hrsjq
happy,A1,adjective/noun,快樂,快乐,kuàilè,X,,X,能和朋友一起旅行很快樂。,It makes me happy to travel with friends.,,,,j2798h0x82
how,A1,interrogative adverb,怎麼,怎么,zěnme,X,,X,這個字怎麼念？,How do you pronounce this character?,,,,7imbhtppji
how,A1,interrogative pronoun,怎麼樣,怎么样,zěnmeyàng,X,,X,新工作怎麼樣？,How is the new job?,,,,cj11x0obai
what should one do,A1,interrogative pronoun,怎麼辦,怎么办,zěnmebàn,X,,X,手機不見了，現在該怎麼辦？,My phone is missing. What should I do now?,,,,w3qswnv2ot
would like,A1,verb,想,想,xiǎng,X,,X,週末想在家好好休息。,I want to get some proper rest at home this weekend.,,,,s28yl3nd3y
Italy,A1,proper noun,意大利,意大利,yìdàlì,X,,X,明年想去義大利旅行。,I want to travel to Italy next year.,,,,8o1nso389e
"meaning, interest",A1,noun,意思,意思,yìsi,X,,X,這句話是什麼意思？,What does this sentence mean?,,,,1p0wlakh5s
love,A1,noun/verb,愛,爱,ài,X,,X,很愛聽現場音樂。,I really love listening to live music.,,,,vdn9ezyrf4
feel,A1,noun/verb,感覺,感觉,gǎnjué,X,,X,第一次見面的感覺很好。,I had a good feeling when we first met.,,,,0s0xj08hvn
understand,A1,verb,懂,懂,dǒng,X,,X,老師講得很清楚，大家都聽懂了。,"The teacher explained it very clearly, and everyone understood.",,,,vqfk7ycgow
"I, me",A1,pronoun,我,我,wǒ,X,,X,我今天晚上有空。,I’m free tonight.,,,,ajhawmwhcl
we,A1,noun,我們,我们,wǒmen,X,,X,我們明天早上九點出發。,We’re leaving at nine tomorrow morning.,,,,mbxw1t8lii
house,A1,noun,房子,房子,fángzi,X,,X,這間房子有三個房間。,This house has three rooms.,,,,8q7r2917bo
hand,A1,noun,手,手,shǒu,X,,X,冬天手很容易乾。,My hands get dry very easily in winter.,,,,6lh005hd7j
cell phone,A1,noun,手機,手机,shǒujī,X,,X,出門才發現手機忘在家裡。,I didn’t realize until I went out that I’d left my phone at home.,,,,wdx72fg1m0
"hit, strike",A1,verb,打,打,dǎ,X,,X,到了以後再打電話給我。,Call me when you get there.,,,,1iuv5af9b9
look for,A1,verb,找,找,zhǎo,X,,X,找了半天還是找不到鑰匙。,I looked for a long time but still couldn’t find the keys.,,,,gocvufegg8
pizza,A1,noun,披薩,披萨,pīsà,X,,X,這家店的披薩可以兩個人一起吃。,This pizza is big enough for two people to share.,,,,ghlxqcga13
"lamian, ramen",A1,noun,拉麵,拉面,lāmiàn,X,,X,天冷的時候特別想吃拉麵。,I especially crave ramen when it’s cold.,,,,93jugzebjl
Norway,A1,proper noun,挪威,挪威,nuówēi,X,,X,挪威的冬天天黑得很早。,It gets dark very early in Norway in winter.,,,,gv79sri2dy
teach,A1,verb,教,教,jiāo,X,,X,老師正在教學生怎麼用這個字。,The teacher is showing the students how to use this word.,,,,8oehl8hbwb
"digit, digital",A1,noun,數字,数字,shùzì,X,,X,請把這些數字加起來。,Please add these numbers together.,,,,1mwvmuk3mr
new,A1,adjective,新,新,xīn,X,,X,公司附近開了一家新餐廳。,A new restaurant opened near the company.,,,,mdtt90opyl
news,A1,noun,新聞,新闻,xīnwén,X,,X,早上看新聞才知道這件事。,I only found out about this from the news this morning.,,,,gzn64jgz4w
travel,A1,noun/verb,旅行,旅行,lǚxíng,X,,X,今年想去台灣旅行。,I want to travel to Taiwan this year.,,,,md14e2f9qk
Japanese,A1,noun,日文,日文,rìwén,X,,X,這份說明有日文版本。,These instructions are available in Japanese.,,,,d0nqqv45y8
Japan,A1,proper noun,日本,日本,rìběn,X,,X,明年想再去一次日本。,I want to go to Japan again next year.,,,,8k8gczpo7l
Japanese,A1,noun,日語,日语,rìyǔ,X,,X,他正在大學學日語。,He is studying Japanese at university.,,,,bqrya3vdbi
good morning,A1,interjection,早上好,早上好,zǎoshang hǎo,X,,X,早上好，今天也請多多指教。,Good morning. I look forward to working with you today.,,,,5bgveini5f
next year,A1,noun,明年,明年,míngnián,X,,X,明年打算換一份工作。,I’m planning to change jobs next year.,,,,0cqna5arix
understand,A1,verb/adjective,明白,明白,míngbai,X,,X,這樣說就很明白了。,That makes it very clear.,,,,zjo4zgpyi2
star,A1,noun,星,星,xīng,X,,X,今晚可以看到很多星星。,You can see a lot of stars tonight.,,,,zdc9a7wdqr
week,A1,verb,星期,星期,xīngqī,X,,X,今天星期幾？,What day of the week is it today?,,,,89v5qj2p4v
Monday,A1,noun,星期一,星期一,xīngqīyī,X,,X,星期一早上有會議。,There’s a meeting on Monday morning.,,,,bi91cplcog
Wednesday,A1,noun,星期三,星期三,xīngqīsān,X,,X,星期三下午比較有空。,I’m more free on Wednesday afternoon.,,,,xkmwtqmb9c
Tuesday,A1,noun,星期二,星期二,xīngqī'èr,X,,X,星期二晚上要去上課。,I have class on Tuesday evening.,,,,vb0tkkc5fp
Friday,A1,noun,星期五,星期五,xīngqīwǔ,X,,X,星期五下班後一起吃飯吧。,Let’s have dinner together after work on Friday.,,,,52sfkbtik3
Saturday,A1,noun,星期六,星期六,xīngqīliù,X,,X,星期六不用上班。,I don’t have to work on Saturday.,,,,92t9qj8jwx
Thursday,A1,noun,星期四,星期四,xīngqīsì,X,,X,星期四要去看醫生。,I have to go to the doctor on Thursday.,,,,9sg077ro47
Sunday,A1,noun,星期日,星期日,xīngqīrì,X,,X,星期日通常會在家休息。,I usually rest at home on Sunday.,,,,bre9ac9smy
"spring, springtime",A1,noun,春天,春天,chūntiān,X,,X,春天很適合去郊外走走。,Spring is a great time to go for a walk in the countryside.,,,,qugu5jyjrg
yesterday,A1,noun,昨天,昨天,zuótiān,X,,X,昨天忙到很晚才回家。,I was busy until late yesterday and didn’t get home until then.,,,,rcaki1ov2e
be,A1,verb,是,是,shì,X,,X,這是我的朋友。,This is my friend.,,,,7dmjr77ret
time,A1,noun,時候,时候,shíhòu,X,,X,小時候常常來這個公園玩。,I often came to this park to play when I was little.,,,,5dpyihj1h4
time,A1,noun,時間,时间,shíjiān,X,,X,今天沒有時間吃午餐。,I don’t have time for lunch today.,,,,87pc3vw1fk
good night,A1,interjection,晚安,晚安,wǎn'ān,X,,X,晚安，明天見。,Good night. See you tomorrow.,,,,vwas3yqrsu
summer vacation,A1,noun,暑假,暑假,shǔjià ,X,,X,暑假想找一份短期工作。,I want to find a short-term job during summer vacation.,,,,upb91cik6n
book,A1,noun,書,书,shū,X,,X,這本書很好看。,This book is very good.,,,,2o239xo8y7
bookstore,A1,noun,書店,书店,shūdiàn,X,,X,車站旁邊有一家很大的書店。,There’s a very large bookstore next to the station.,,,,gh0r0c9vxh
"can, will",A1,modal verb,會,会,huì,X,,X,明天可能會下雨。,It might rain tomorrow.,,,,nks066mo5w
meeting,A1,noun,會議,会议,huìyì,X,,X,下午有一個重要的會議。,There’s an important meeting this afternoon.,,,,klv1ejr8f5
"have, exist",A1,verb,有,有,yǒu,X,,X,冰箱裡還有牛奶嗎？,Is there still any milk in the fridge?,,,,men4pocn7r
interesting,A1,adjective,有趣,有趣,yǒuqù,X,,X,這部電影比想像中有趣。,This movie is more interesting than I expected.,,,,3x2q6xb1hz
friend,A1,noun,朋友,朋友,péngyǒu,X,,X,週末要和朋友一起去爬山。,I’m going hiking with friends this weekend.,,,,vv3k8jjwt9
east,A1,direction noun,東,东,dōng,X,,X,窗戶朝東，所以早上很亮。,"The window faces east, so it’s very bright in the morning.",,,,cz5m2njjnf
"Tokyo, Tonkin",A1,proper noun,東京,东京,dōngjīng,X,,X,東京的地鐵很方便。,Tokyo’s metro is very convenient.,,,,nxh7t1xwk9
"something, anything",A1,noun,東西,东西,dōngxi,X,,X,桌上不要放太多東西。,Don’t put too many things on the table.,,,,wmqh4cexj3
table,A1,noun,桌子,桌子,zhuōzi,X,,X,鑰匙在桌子上。,The keys are on the table.,,,,1wcp2nd45o
chair,A1,noun,椅子,椅子,yǐzi,X,,X,這張椅子坐起來很舒服。,This chair is very comfortable to sit on.,,,,2j48lzxx6z
"kind, type",A1,noun/classifier,樣,样,yàng,X,,X,這兩樣東西都很實用。,Both of these things are very useful.,,,,6avk97o0v5
airport,A1,noun,機場,机场,jīchǎng,X,,X,到機場至少要一個小時。,It takes at least an hour to get to the airport.,,,,o1rwcax33t
Europe,A1,proper noun,歐洲,欧洲,ōuzhōu,X,,X,以前在歐洲住過幾年。,I used to live in Europe for a few years.,,,,w6fj6o25ws
welcome,A1,direction noun,歡迎,欢迎,huānyíng,X,,X,歡迎來台灣玩。,Welcome to Taiwan.,,,,msdq9bvbdj
currently,A1,adverb,正在,正在,zhèngzài ,X,,X,外面正在下雨。,It’s raining outside right now.,,,,vbp25a7qp0
every day,A1,adverb,每天,每天,měitiān,X,,X,每天早上都喝一杯咖啡。,I drink a cup of coffee every morning.,,,,8fvwzemlmt
than,A1,preposition/verb,比,比,bǐ,X,,X,今天比昨天冷很多。,It’s much colder today than yesterday.,,,,tikurl6iso
water,A1,noun,水,水,shuǐ,X,,X,運動後記得多喝水。,Remember to drink plenty of water after exercising.,,,,wvs14iz3n8
pollute,A1,noun/verb,污染,污染,wūrǎn,X,,X,空氣污染會影響健康。,Air pollution can affect your health.,,,,u68p2whgc5
Poland,A1,proper noun,波蘭,波兰,bōlán,X,,X,她去年去了波蘭旅行。,She traveled to Poland last year.,,,,ndu36u9q6j
swim,A1,verb,游泳,游泳,yóuyǒng ,X,,X,夏天很喜歡去游泳。,I really like going swimming in summer.,,,,q8navfw35e
soup,A1,noun,湯,汤,tāng,X,,X,天冷的時候想喝一碗熱湯。,I want a bowl of hot soup when it’s cold.,,,,onedl2n29o
fire,A1,noun,火,火,huǒ,,,,離開前記得把火關掉。,Remember to turn off the stove before you leave.,,,,irkjcsz4w3
train,A1,noun,火車,火车,huǒchē,,,,坐火車去比較方便。,It’s more convenient to go by train.,,,,gvfryklzg9
train station,A1,noun,火車站,火车站,huǒchēzhàn,,,,火車站就在前面。,The train station is just ahead.,,,,s6necdy2ed
why,A1,noun,為什麼,为什么,wèishénme,,,,你為什麼這麼早回家？,Why did you come home so early?,,,,t3f2pj0ylj
photo,A1,noun,照片,照片,zhàopiān,,,,這張照片是在日本拍的。,This photo was taken in Japan.,,,,f7ttvb2gny
cow,A1,noun,牛,牛,niú,,,,農場裡養了很多牛。,There are a lot of cows on the farm.,,,,lt16ipr4op
"cow's milk, milk",A1,noun,牛奶,牛奶,niúnǎi,,,,早餐通常會喝一杯牛奶。,I usually drink a glass of milk for breakfast.,,,,um1pu2ivjs
special,A1,adjective/adverb,特別,特别,tèbié,,,,今天特別冷。,It’s especially cold today.,,,,ca12rja1jq
dog,A1,noun,狗,狗,gǒu,,,,那隻狗一直在門口等主人。,That dog has been waiting for its owner by the door.,,,,x6c24fah07
"presently, now",A1,noun/adverb,現在,现在,xiànzài,,,,現在幾點了？,What time is it now?,,,,8rlmlzvbuy
bottle,A1,noun,瓶子,瓶子,píngzi,,,,這個瓶子可以回收。,This bottle can be recycled.,,,,ntf1i4vb8f
life,A1,noun/verb,生活,生活,shēnghuó,,,,在這裡生活很方便。,It’s very convenient to live here.,,,,hk3a53e13x
man,A1,noun,男人,男人,nánrén,,,,那個男人正在跟店員說話。,That man is talking to the store clerk.,,,,8rrh3rvpd1
tomato (Taiwan),A1,noun,番茄,番茄,fānqié,,,,沙拉裡放了很多番茄。,There are a lot of tomatoes in the salad.,,,,pxgy30rzrr
disease,A1,noun,病,病,bìng,,,,他生病了，今天不能來上班。,"He’s sick, so he can’t come to work today.",,,,dv2eqmutx2
"hurt, pain",A1,adjective/verb,痛,痛,tòng ,,,,走太久以後腳有點痛。,My feet hurt a little after walking for too long.,,,,z3pdwhsyme
of,A1,particle,的,的,de,,,,這是昨天買的書。,This is the book I bought yesterday.,,,,mzmpbzpi26
"watch, read",A1,noun,看,看,kàn,,,,晚上想在家看電影。,I want to watch a movie at home tonight.,,,,4zsuksv0ws
try,A1,verb,看看,看看,kànkàn,,,,這家店看起來不錯，進去看看吧。,This place looks good. Let’s go in and have a look.,,,,ms6z47t4aw
see,A1,verb,看見,看见,kànjiàn,,,,剛才在車站看見老師了。,I just saw the teacher at the station.,,,,65kdwm4120
sleep,A1,verb,睡,睡,shuì,,,,昨天太累，很早就睡了。,I was so tired yesterday that I went to bed very early.,,,,wtzigc1umk
sleep (verb),A1,verb,睡覺,睡觉,shuìjiào,,,,今天想早一點睡覺。,I want to go to bed a little earlier today.,,,,p3y897u900
know,A1,verb,知道,知道,zhīdào,,,,你知道最近的便利商店在哪裡嗎？,Do you know where the nearest convenience store is?,,,,ywsfa3tfct
ticket,A1,noun/classifier,票,票,piào,,,,去台中的車票多少錢？,How much is a train ticket to Taichung?,,,,kwc1i876ym
"fall, autumn",A1,noun,秋天,秋天,qiūtiān,,,,秋天的天氣最舒服。,The weather is most comfortable in autumn.,,,,6hwjk5pq4t
free time,A1,adjective/noun,空,空,kòng,,,,搬走以後，房間就空了。,"After moving out, the room was empty.",,,,l3tpk82vjf
air,A1,noun,空氣,空气,kōngqì,,,,今天的空氣很好。,The air is very good today.,,,,xyke1uhi99
station,A1,verb/noun,站,站,zhàn,,,,下一站就是台北車站。,The next stop is Taipei Main Station.,,,,y3ledkzytw
pen,A1,noun/classifier,筆,笔,bǐ,,,,這筆錢是下個月的房租。,This money is for next month’s rent.,,,,uksphvasvw
holiday,A1,noun,節日,节日,jiérì,,,,這個節日每年都吸引很多遊客。,This festival attracts many tourists every year.,,,,rq1pv96916
simple,A1,adjective,簡單,简单,jiǎndān,,,,這個問題其實很簡單。,This question is actually very simple.,,,,hnsytlvwkn
rice,A1,noun,米飯,米饭,mǐfàn,,,,晚餐吃了一碗米飯。,I ate a bowl of rice for dinner.,,,,tcftpac8jq
give,A1,verb/preposition,給,给,gěi,,,,可以給我一杯水嗎？,Could you give me a glass of water?,,,,9269k9obqh
internet,A1,noun,網路,网路,wǎnglù,,,,這裡的網路有點慢。,The internet here is a little slow.,,,,9vs0gkjhb2
New York,A1,proper noun,紐約,纽约,niǔyuē,,,,紐約的冬天有時候會下大雪。,It sometimes snows heavily in New York in winter.,,,,l0t7omnqqw
can,A1,classifier,罐,罐,guàn,,,,冰箱裡還有兩罐啤酒。,There are still two cans of beer in the fridge.,,,,4kqi5rbhku
old,A1,adjective/adverb,老,老,lǎo,,,,這台電腦太老了，跑得很慢。,This computer is too old and runs very slowly.,,,,vq9r7b9bw6
teacher,A1,noun,老師,老师,lǎoshī,,,,老師正在教大家新的文法。,The teacher is teaching everyone some new grammar.,,,,tt9e4d31ou
can,A1,modal verb,能,能,néng,,,,今天晚上能一起吃飯嗎？,Can we have dinner together tonight?,,,,njy2p5ph2l
bike,A1,noun,自行車,自行车,zìxíngchē ,,,,週末常常騎自行車去河邊。,I often ride my bicycle to the river on weekends.,,,,o6kr9dxjxn
interest,A1,noun,興趣,兴趣,xìngqù,,,,最近對攝影很有興趣。,I’ve recently become very interested in photography.,,,,4ssl042fjo
"comfortable, well",A1,adjective,舒服,舒服,shūfú,,,,這張床睡起來很舒服。,This bed is very comfortable to sleep in.,,,,l5gonvcl1b
flower,A1,noun/verb,花,花,huā,,,,買這件衣服花了不少錢。,I spent quite a lot of money on these clothes.,,,,ul6m1anku5
"Britain, the UK",A1,proper noun,英國,英国,yīngguó,,,,明年想去英國旅行。,I want to travel to the UK next year.,,,,fvnapgyjiz
English,A1,noun,英語,英语,yīngyǔ,,,,工作上常常需要用英語。,I often need to use English at work.,,,,n353pdpcw2
tea,A1,noun,茶,茶,chá,,,,吃完飯後想喝一杯茶。,I want a cup of tea after dinner.,,,,oim40knoyw
grape,A1,noun,葡萄,葡萄,pútao,,,,這些葡萄很甜。,These grapes are very sweet.,,,,xd95ih31k7
Portugal,A1,proper noun,葡萄牙,葡萄牙,pútáoyá,,,,葡萄牙的海邊很漂亮。,The coast in Portugal is beautiful.,,,,fz8ri32krv
vegetable,A1,noun,蔬菜,蔬菜,shūcài,,,,每天都應該多吃蔬菜。,You should eat more vegetables every day.,,,,yeww9kpsp8
apple,A1,noun,蘋果,苹果,píngguǒ,,,,桌上有三顆蘋果。,There are three apples on the table.,,,,km67zj7urq
number,A1,noun,號碼,号码,hàomǎ,,,,,,,,,3fi3d60y8d
egg,A1,noun,蛋,蛋,dàn,,,,,,,,,uf3gzxiqar
street,A1,noun,街,街,jiē,,,,,,,,,zycwqd90e5
"clothes, clothing",A1,noun,衣服,衣服,yīfu,,,,,,,,,1dt8wdfpl7
west,A1,interrogative pronoun,西,西,xī,,,,,,,,,eezt37i0xf
Spain,A1,proper noun,西班牙,西班牙,xībānyá,,,,,,,,,pfbubg547u
Spanish,A1,noun,西班牙語,西班牙语,xībānyáyǔ,,,,,,,,,irkwa9jy1t
want,A1,noun,要,要,yào,,,,,,,,,mo08w5ch1o
"think, believe",A1,verb,覺得,觉得,juédé ,,,,,,,,,mzyff5dwff
try out,A1,verb,試試,试试,shìshi,,,,,,,,,jc458tw1fs
language,A1,noun,語言,语言,yǔyán,,,,,,,,,3pqpxhm6xe
"say, speak",A1,verb,說,说,shuō,,,,,,,,,xy3msyzp5s
who,A1,interrogative pronoun,誰,谁,shéi,,,,,,,,,01nfqpitss
class,A1,noun,課,课,kè,,,,,,,,,8y51nicpj0
please,A1,verb,請,请,qǐng,,,,,,,,,v9ib7glvjf
thank you,A1,interjection/verb,謝謝,谢谢,xièxie,,,,,,,,,klnjv2aic4
read,A1,verb,讀,读,dú,,,,,,,,,sbmq09qfn4
reading,A1,verb,讀書,读书,dúshū,,,,,,,,,d7frndbm7x
"let, allow",A1,verb,讓,让,ràng,,,,,,,,,2o95o1ma06
tofu,A1,noun,豆腐,豆腐,dòufu,,,,,,,,,9k90oe4bxm
cat,A1,noun,貓,猫,māo,,,,,,,,,car00qjnf7
expensive,A1,adjective,貴,贵,guì,,,,,,,,,1xvuyv0gk3
"way, road",A1,pronoun,路,路,lù,,,,,,,,,qsj493jvjt
jump,A1,verb,跳,跳,tiào,,,,,,,,,hgxfrjhi8h
dance,A1,verb,跳舞,跳舞,tiàowǔ,,,,,,,,,nwa249oton
car,A1,noun,車,车,chē,,,,,,,,,176es1wo3n
office,A1,noun,辦公室,"办公室",bàngōngshì,,,,,,,,,mj2ton68z3
this,A1,pronoun,這,这,zhè,,,,,,,,,kwnyq3lnrp
so,A1,adverb,這麼,这么,zhème ,,,,,,,,,bxbg00wy4p
already,A1,aspect particle,過,过,guo,,,,,,,,,eh2rwq3624
"cross, pass",A1,verb/particle,過,过,guò,,,,,,,,,mrj6zls1yw
that,A1,pronoun,那,那,nà,,,,,,,,,w7yawr10cq
all,A1,adverb,都,都,dōu ,,,,,,,,,jxzfr9z61c
alcohol,A1,noun,酒,酒,jiǔ,,,,,,,,,x8x3w4go9c
doctor,A1,noun,醫生,医生,yīshēng,,,,,,,,,gpprvzlm2v
hospital,A1,noun,醫院,医院,yīyuàn ,,,,,,,,,n6j7ytdfr1
bank,A1,noun,銀行,银行,yínháng,,,,,,,,,vgoakgk99r
money,A1,noun,錢,钱,qián,,,,,,,,,6u275sjpfc
"long, length",A1,adjective,長,长,cháng,,,,,,,,,lmpotf5915
open,A1,verb,開,开,kāi,,,,,,,,,pc39hn9bcq
classifier for small things,A1,classifier,隻,只,zhī,,,,,,,,,4mc4jbimnu
"only, just",A1,classifier,隻,只,zhī,,,,,,,,,7nxw149z4z
chicken,A1,noun,雞,鸡,jī,,,,,,,,,8cqk7b3b46
chicken,A1,noun,雞肉,鸡肉,jīròu ,,,,,,,,,w9qsyj178y
"chicken egg, egg",A1,noun,雞蛋,鸡蛋,jīdàn,,,,,,,,,96w1l94v0t
"difficult, hard",A1,adjective,難,难,nàn,,,,,,,,,nd7267hmbf
rain,A1,noun,雨,雨,yǔ,,,,,,,,,lxop23lwou
snow (noun),A1,noun,雪,雪,xuě,,,,,,,,,n01yhnb6ln
"movie, film",A1,noun,電影,电影,diànyǐng,,,,,,,,,m2p5omxumq
TV,A1,noun,電視,电视,diànshì,,,,,,,,,uny29fkhuz
phone,A1,noun,電話,电话,diànhuà,,,,,,,,,vcru3zz7q4
need,A1,verb/noun,需要,需要,xūyào,,,,,,,,,ap6a3uf7rn
very,A1,adverb,非常,非常,fēicháng,,,,,,,,,oof2zo4opw
South Korea,A1,proper noun,韓國,韩国,hánguó,,,,,,,,,pjtfo1ibqw
music,A1,noun,音樂,音乐,yīnyuè,,,,,,,,,ejnzlpuu9k
head,A1,noun/classifier,頭,头,tóu,,,,,,,,,14c1r9qcxo
helmet,A1,noun,頭盔,头盔,tóukuī,,,,,,,,,wfxh6ps08f
color,A1,noun,顏色,颜色,yánsè,,,,,,,,,pee21fri6g
airplane,A1,noun,飛機,飞机,fēijī,,,,,,,,,llemlsik6f
restaurant,A1,noun,飯店,饭店,fàndiàn,,,,,,,,,kdx809shud
Hong Kong,A1,proper noun,香港,香港,xiānggǎng,,,,,,,,,1f2l78yfd8
banana,A1,noun,香蕉,香蕉,xiāngjiāo,,,,,,,,,juja4d2om9
potato,A1,noun,馬鈴薯,马铃薯,mǎlíngshǔ,,,,,,,,,xjp6qbwz5a
"tall, high",A1,adjective,高,高,gāo,,,,,,,,,nqax2is6bq
happy,A1,adjective,高興,高兴,gāoxìng,,,,,,,,,ijg6mafz4i
fish,A1,noun,魚,鱼,yú,,,,,,,,,kstx38bh6k
bread,A1,noun,麵包,面包,miànbāo,,,,,,,,,9kwoho0x4c
black,A1,adjective,黑,黑,hēi,,,,,,,,,0z3eojtd4m
general,A2,adjective/adverb,一般,一般,yībān,,,,,,,,,umx81vmei8
"prohibit, not allow",A2,verb,不准,不准,bùzhǔn,,,,,,,,,0jnexaj6fm
idea,A2,noun,主意,主意,zhǔyì,,,,,,,,,pxxa2p9hjy
"theme, subject",A2,noun,主題,主题,zhǔtí,,,,,,,,,2735vhs2ju
theme park,A2,noun,主題公園,主题公园,zhǔtí gōngyuán,,,,,,,,,rukfkgtxli
"matter, thing",A2,noun,事情,事情,shìqíng,,,,,,,,,vcgbz31cqh
Asia,A2,proper noun,亞洲,亚洲,yàzhōu,,,,,,,,,6arn5eqmms
everyone,A2,pronoun,人人,人人,rénrén,,,,,,,,,tmq5o54z1e
example,A2,noun,例,例,lì,,,,,,,,,xwt3z579t7
personal,A2,noun,個人,个人,gèrén,,,,,,,,,2gair0rltd
"worth, worthwhile",A2,auxiliary verb/verb,值得,值得,zhídé,,,,,,,,,6pm7po15y9
road,A2,noun,公路,公路,gōnglù,,,,,,,,,thuwx7kjlp
winter,A2,adjective,冬季,冬季,dōngjì,,,,,,,,,a5d6kwqm4z
ice cube,A2,noun,冰塊,冰块,bīngkuài,,,,,,,,,uqh2wtmp8g
"decide, determine",A2,noun/verb,決定,决定,juédìng,,,,,,,,,9w4t0bdt86
uniform,A2,noun/verb,制服,制服,zhìfú,,,,,,,,,uiia0wdlz0
Canada,A2,proper noun,加拿大,加拿大,jiānádà,,,,,,,,,6d9nu3bd9t
cartoon,A2,noun,動畫片,动画片,dònghuàpiàn,,,,,,,,,we7goum5tn
spoon,A2,noun,勺子,勺子,sháozi,,,,,,,,,4psb0663wy
chemistry,A2,noun,化學,化学,huàxué,,,,,,,,,704o0ocj11
museum,A2,noun,博物館,博物馆,bówùguǎn,,,,,,,,,ep2phpzg97
"impress, impression",A2,noun,印象,印象,yìnxiàng,,,,,,,,,vompn19am2
"danger, dangerous",A2,adjective,危險,危险,wēixiǎn,,,,,,,,,e7vdrv67r3
"cause, reason",A2,noun,原因,原因,yuányīn,,,,,,,,,gq0zh4f87y
visit,A2,noun,參觀,参观,cānguān,,,,,,,,,hlu9xic5lk
fork,A2,noun,叉,叉,chā,,,,,,,,,tzwx0qpiss
Cuba,A2,proper noun,古巴,古巴,gǔbā,,,,,,,,,ibar7y9ngj
Colombia,A2,proper noun,哥倫比亞,哥伦比亚,gēlúnbǐyà,,,,,,,,,hzf0yy23zy
only,A2,adjective,唯一,唯一,wéiyī,,,,,,,,,qedwj3ka9a
word,A2,noun,單詞,单词,dāncí,,,,,,,,,gbef8bu2tx
country,A2,noun,國,国,guó,,,,,,,,,l18r0aexw9
"national language, Mandarin",A2,noun,國語,国语,guóyǔ,,,,,,,,,3z2gwwodh3
"chart, map",A2,noun,圖,图,tú,,,,,,,,,uocx47e3xg
area,A2,noun,地區,地区,dìqū,,,,,,,,,27ofixn9mo
earth,A2,noun,地球,地球,dìqiú,,,,,,,,,awpph08zgm
earthquake,A2,noun,地震,地震,dìzhèn,,,,,,,,,jn3ijtcu74
trash can,A2,noun,垃圾箱,垃圾箱,lājīxiāng,,,,,,,,,5id005z5i9
basic,A2,adjective,基本,基本,jīběn,,,,,,,,,lw21kic54s
summer,A2,noun,夏季,夏季,xiàjì,,,,,,,,,mbpqaoay1h
calorie,A2,noun,大卡,大卡,dàkǎ,,,,,,,,,xlnklewz4u
Austria,A2,proper noun,奧地利,奥地利,àodìlì,,,,,,,,,3xuyg8yajx
cheese,A2,noun,奶酪,奶酪,nǎilào,,,,,,,,,ei2hymhmjn
seem,A2,verb/adverb,好像,好像,hǎoxiàng,,,,,,,,,6a60h744tg
how,A2,interrogative pronoun/adverb,如何,如何,rúhé,,,,,,,,,acvmgc4d1i
baby,A2,noun,嬰兒,婴儿,yīng'ér,,,,,,,,,csbjmxnk7v
clown,A2,noun,小丑,小丑,xiǎochǒu,,,,,,,,,h9anae5xee
"novel, fiction",A2,noun,小說,小说,xiǎoshuō,,,,,,,,,b5g2jxsbte
factory,A2,noun,工廠,工厂,gōngchǎng,,,,,,,,,aw6bwtmkrm
age,A2,noun,年齡,年龄,niánlíng,,,,,,,,,mtx37c4com
advertisement,A2,noun,廣告,广告,guǎnggào,,,,,,,,,kwmm9qm56c
broadcast,A2,noun,廣播,广播,guǎngbō,,,,,,,,,z3jyldvx0d
"never, always",A2,adverb,從來,从来,cónglái,,,,,,,,,pxfojo0agk
"couple, lover",A2,noun,情侶,情侣,qínglǚ,,,,,,,,,vmbmaceelf
"situation, status",A2,noun,情況,情况,qíngkuàng,,,,,,,,,aollnvse86
"imagine, imagination",A2,noun/verb,想像,想象,xiǎngxiàng,,,,,,,,,vdl1x032wo
gratitude,A2,verb/noun,感謝,感谢,gǎnxiè,,,,,,,,,4mjri1rcg3
"should, ought to",A2,auxiliary verb,應該,应该,yīnggāi,,,,,,,,,xkhmhsn921
"succeed, success",A2,verb/noun,成功,成功,chénggōng,,,,,,,,,296tonanng
war,A2,verb,戰爭,战争,zhànzhēng,,,,,,,,,vzqm3lst26
arm,A2,noun,手臂,手臂,shǒubì,,,,,,,,,qybefn753t
fight,A2,verb,打架,打架,dǎjià,,,,,,,,,3ariojho08
plan,A2,verb/noun,打算,打算,dǎsuàn,,,,,,,,,dk23o5kbl2
staircase,A2,noun,扶梯,扶梯,fútī,,,,,,,,,iy0tpoqohk
report,A2,noun/verb,報告,报告,bàogào,,,,,,,,,2sko78yv14
newspaper,A2,noun,報紙,报纸,bàozhǐ,,,,,,,,,95y701mzwf
Pinyin,A2,noun/verb,拼音,拼音,pīnyīn,,,,,,,,,2fguh5p2yh
Norwegian,A2,noun,挪威語,挪威语,nuówēiyǔ,,,,,,,,,wbsfjqsnlw
recommend,A2,noun/verb,推薦,推荐,tuījiàn  ,,,,,,,,,l1juixdt71
support,A2,verb/noun,支持,支持,zhīchí,,,,,,,,,w6kxyi1unj
radio,A2,noun,收音機,收音机,shōuyīnjī,,,,,,,,,87e53wpujx
government,A2,noun,政府,政府,zhèngfǔ,,,,,,,,,a0cqz9gx4k
church,A2,noun,教堂,教堂,jiàotáng,,,,,,,,,5v1sj8hpsa
professor,A2,noun/verb,教授,教授,jiàoshòu,,,,,,,,,d1wru832pl
education,A2,noun/verb,教育,教育,jiàoyù,,,,,,,,,wic6m8u47l
digital camera,A2,noun,數碼相機,数码相机,shùmǎ xiàngjī,,,,,,,,,0nuy2ahnmc
culture,A2,noun,文化,文化,wénhuà,,,,,,,,,zp5k9tqc4k
article,A2,noun,文章,文章,wénzhāng ,,,,,,,,,fmt8kkjtpw
method,A2,noun,方法,方法,fāngfǎ,,,,,,,,,z9uue6i5m9
hotel,A2,noun,旅館,旅馆,lǚguǎn,,,,,,,,,bwm6gaq5rx
date,A2,noun,日期,日期,rìqī,,,,,,,,,reocfkk1j7
diary,A2,noun,日記,日记,rìjì,,,,,,,,,dnadgf45h8
"star, celebrity",A2,noun,明星,明星,míngxīng,,,,,,,,,zb17mtyvn8
"spring, springtime",A2,noun,春季,春季,chūnjì,,,,,,,,,e03j6emfde
"ordinary, general",A2,adjective,普通,普通,pǔtōng,,,,,,,,,mapi20wm64
Mandarin,A2,noun,普通話,普通话,pǔtōnghuà,,,,,,,,,c0hspeblbf
"serve, service",A2,noun/verb,服務,服务,fúwù,,,,,,,,,jbovgc387d
"server, waiter",A2,noun,服務員,服务员,fúwùyuán,,,,,,,,,ztfo5xu0jz
Korean,A2,noun,朝鮮語,朝鲜语,cháoxiǎnyǔ,,,,,,,,,sf4oesle2u
village,A2,noun,村子,村子,cūnzi,,,,,,,,,d6whq0eyn1
ladder,A2,noun,梯子,梯子,tīzi,,,,,,,,,5adq3seitl
plant,A2,noun,植物,植物,zhíwù,,,,,,,,,umcyyzx36w
olive oil,A2,noun,橄欖油,橄榄油,gǎnlǎnyóu,,,,,,,,,qym4qg87eu
orange fruit,A2,noun,橙子,橙子,chéngzi,,,,,,,,,f9ymtb8sg4
orange juice,A2,noun,橙汁,橙汁,chéngzhī,,,,,,,,,0gzehe15yj
machine,A2,noun,機器,机器,jīqì,,,,,,,,,gujlwcbynm
opportunity,A2,noun,機會,机会,jīhuì,,,,,,,,,dkz5hoz54z
walk,A2,noun,步行,步行,bùxíng,,,,,,,,,8dcqk1irim
"compare, comparison",A2,verb/adverb,比較,比较,bǐjiào,,,,,,,,,onzuog0n2q
gas,A2,noun,氣,气,qì,,,,,,,,,del5hwcqx4
soft drink,A2,noun,汽水,汽水,qìshuǐ,,,,,,,,,mvhe7u8cw6
Boston,A2,proper noun,波士頓,波士顿,bōshìdùn,,,,,,,,,jaf57cu4mj
activity,A2,noun,活動,活动,huódòng,,,,,,,,,wsc88yx8rj
temperature,A2,noun,溫度,温度,wēndù,,,,,,,,,c52eu8juub
hamburger,A2,noun,漢堡包,汉堡包,hànbǎobāo,,,,,,,,,61tejphq4n
Chinese character,A2,noun,漢字,汉字,hànzì,,,,,,,,,xcimd8ju2k
Chinese,A2,noun,漢語,汉语,hànyǔ,,,,,,,,,r0o9u7x7nz
"comic, cartoon",A2,noun,漫畫,漫画,mànhuà,,,,,,,,,6m5dfpr4zk
Australia,A2,proper noun,澳大利亞,澳大利亚,àodàlìyà,,,,,,,,,co5fl7ijum
light bulb,A2,noun,燈泡,灯泡,dēngpào,,,,,,,,,w2t7hu0vyq
fried rice,A2,noun,炒飯,炒饭,chǎofàn,,,,,,,,,rb37ccgmmf
fry,A2,verb,煎,煎,jiān,,,,,,,,,pzlqkgh5i0
omelet,A2,noun,煎蛋,煎蛋,jiāndàn,,,,,,,,,4tak1phi8u
hobby,A2,noun/verb,愛好,爱好,àihào,,,,,,,,,bx1uh0r9up
environment,A2,noun,環境,环境,huánjìng,,,,,,,,,mta5tnct73
product,A2,noun,產品,产品,chǎnpǐn,,,,,,,,,wgxuy9vcdz
field,A2,noun,田,田,tián,,,,,,,,,p67nuyhjbm
happen,A2,verb,發生,发生,fāshēng,,,,,,,,,c4zadula7c
"pronounce, pronunciation",A2,noun/verb,發音,发音,fāyīn,,,,,,,,,huw7tbfvsg
believe,A2,verb,相信,相信,xiāngxìn,,,,,,,,,s57vqcrt11
society,A2,noun,社會,社会,shèhuì,,,,,,,,,rp7hwuhuzf
"fall, autumn",A2,noun,秋季,秋季,qiūjì,,,,,,,,,402dgrpr4q
science,A2,noun,科學,科学,kēxué,,,,,,,,,lzv656wpg0
rent,A2,noun/verb,租,租,zū,,,,,,,,,32w3c802yf
air conditioning,A2,noun,空調,空调,kōngtiáo,,,,,,,,,9xiwuzhhei
"space, room",A2,noun,空間,空间,kōngjiān,,,,,,,,,bccx6tuyb6
sudden,A2,adverb,突然,突然,tūrán,,,,,,,,,xorg9yxcm9
chopstick,A2,noun,筷子,筷子,kuàizi,,,,,,,,,orw5o3ky4y
"show, program",A2,noun,節目,节目,jiémù,,,,,,,,,i1gyql14lx
souvenir,A2,noun,紀念品,纪念品,jìniànpǐn,,,,,,,,,qquadt6ndb
"marriage, wedding",A2,verb,結婚,结婚,jiéhūn,,,,,,,,,ysl1vpdpfb
date,A2,noun/verb,約會,约会,yuēhuì,,,,,,,,,5a0r66c6ai
"occupation, vocation",A2,noun,職業,职业,zhíyè,,,,,,,,,lxng2wiv37
neck,A2,noun,脖子,脖子,bózi,,,,,,,,,lfyd10uluh
escalator,A2,noun,自動扶梯,自动扶梯,zìdòng fútī,,,,,,,,,0jhuv9qx6b
nature,A2,noun/adjective/adverb,自然,自然,zìrán,,,,,,,,,zqv6pgmg0e
freedom,A2,adjective/noun,自由,自由,zìyóu,,,,,,,,,nh34867chb
famous,A2,adjective,著名,著名,zhùmíng,,,,,,,,,pr4gw3r2or
wine,A2,noun,葡萄酒,葡萄酒,pútaojiǔ,,,,,,,,,0qy4ctmm59
art,A2,noun,藝術,艺术,yìshù,,,,,,,,,kpi7sqyyhq
medicine,A2,noun,藥,药,yào,,,,,,,,,dh35ke14cw
crab,A2,noun,蟹,蟹,xiè,,,,,,,,,9bzrgxa8qy
street corner,A2,noun,街頭,街头,jiētóu,,,,,,,,,z4o7k4a5yn
tomato (PRC),A2,noun,西紅柿,西红柿,xīhóngshì,,,,,,,,,wauvnlsdf9
plan,A2,noun/verb,計劃,计划,jìhuà ,,,,,,,,,i3hdqv9ub8
dictionary,A2,noun,詞典,词典,cídiǎn,,,,,,,,,gpw7yf4sxi
explain,A2,verb/noun,說明,说明,shuōmíng,,,,,,,,,hkwi1x7m6s
change,A2,noun/verb,變化,变化,biànhuà,,,,,,,,,g9e1egsegk
capitalism,A2,noun,資本主義,资本主义,zīběn zhǔyì,,,,,,,,,t1f7nnrb0b
soft,A2,adjective,軟,软,ruǎn,,,,,,,,,tg5nqj8xwh
"choose, select",A2,noun/verb,選擇,選擇,xuǎnzé,,,,,,,,,ykp7g7321e
here,A2,pronoun,這裡,这里,zhèlǐ,,,,,,,,,cxsnokj904
"part, department",A2,noun/classifier,部,部,bù,,,,,,,,,1rgr0zn75e
"mail, post",A2,noun,郵件,邮件,yóujiàn,,,,,,,,,crks576bwn
post office,A2,noun,郵局,邮局,yóujú,,,,,,,,,44us909wt8
bar,A2,noun,酒吧,酒吧,jiǔba,,,,,,,,,11iov76bjs
soy sauce,A2,noun,醬油,酱油,jiàngyóu,,,,,,,,,03lo95lzag
yogurt,A2,noun,酸奶,酸奶,suānnǎi,,,,,,,,,euth1km9v7
the Great Wall,A2,proper noun,長城,长城,chángchéng,,,,,,,,,a7ej3f5ws4
close,A2,classifier,關,关,guān,,,,,,,,,a3tfb2ev26
"casual, as one likes",A2,adjective,隨便,随便,suíbiàn,,,,,,,,,1lqu067fhr
email,A2,noun,電子郵件,电子邮件,diànzǐ yóujiàn,,,,,,,,,a9carmedz9
phone card,A2,noun,電話卡,电话卡,diànhuàkǎ,,,,,,,,,j2faomia3p
Africa,A2,proper noun,非洲,非洲,fēizhōu,,,,,,,,,g8cyy9ysml
classifier for tasks,A2,classifier,項,项,xiàng,,,,,,,,,8vyqjtugpt
cookie,A2,noun,餅乾,饼干,bǐnggān,,,,,,,,,tzz6a6vofa
rice bowl,A2,noun,飯碗,饭碗,fànwǎn,,,,,,,,,cdrfj49gu4
dumpling,A2,noun,餃子,饺子,jiǎozi,,,,,,,,,6h3ratv9ln
classifier for songs,A2,classifier,首,首,shǒu,,,,,,,,,73395wz5xp
capital city,A2,noun,首都,首都,shǒudū,,,,,,,,,u18ko49rk9
horse,A2,noun,馬,马,mǎ,,,,,,,,,oo9w09ki1t
ride,A2,verb,騎,骑,qí ,,,,,,,,,dmsv2jwfod
high-speed,A2,adjective/noun,高速,高速,gāosù,,,,,,,,,l0tnn2g3o3
noodles,A2,noun,麵條,面条,miàntiáo ,,,,,,,,,ctundfuij0
central,B1,noun,中央,中央,zhōngyāng,,,,,,,,,bvzn51sgz2
accident,B1,noun,事故,事故,shìgù,,,,,,,,,ush6glf00g
life,B1,noun,人生,人生,rénshēng,,,,,,,,,wwaaau0lkz
humanity,B1,noun,人類,人类,rénlèi,,,,,,,,,kugnsx82b3
tonight,B1,noun,今夜,今夜,jīnyè,,,,,,,,,9e0skj3g6x
Israel,B1,proper noun,以色列,以色列,yǐsèliè,,,,,,,,,b6d0mjca21
"value, worth",B1,noun,價值,价值,jiàzhí,,,,,,,,,2sz3ugcfd9
residence,B1,noun,住所,住所,zhùsuǒ ,,,,,,,,,c26iyb5mwe
"do, make",B1,verb,作,作,zuò,,,,,,,,,5sm476vwtu
"purpose, role",B1,noun/verb,作用,作用,zuòyòng,,,,,,,,,xajup4issz
author,B1,noun,作者,作者,zuòzhě ,,,,,,,,,v7b56abt4y
example sentence,B1,noun,例文,例文,lìwén,,,,,,,,,0duzc3dh0c
CD,B1,noun,光盤,光盘,guāngpán,,,,,,,,,xm6arwgoe4
global,B1,noun/adjective,全球,全球,quánqiú,,,,,,,,,rkzt65wx8w
public,B1,adjective,公共,公共,gōnggòng,,,,,,,,,oa76qoxs0h
"civil, civic",B1,noun,公民,公民,gōngmín,,,,,,,,,3sbesi6nii
republic,B1,noun,共和國,共和国,gònghéguó,,,,,,,,,n15jf43m4x
freezer,B1,noun,冷凍櫃,冷冻柜,lěngdòngguì,,,,,,,,,uux01qc9h6
manufacture,B1,verb,製造,制造,zhìzào,,,,,,,,,fe011zztam
labor,B1,noun/verb,勞動,劳动,láodòng,,,,,,,,,ktcgid82gq
crisis,B1,noun,危機,危机,wēijī,,,,,,,,,2fq7e9uyn2
history,B1,noun,歷史,历史,lìshǐ,,,,,,,,,zkq1xfckf1
oral,B1,noun/adjective,口頭,口头,kǒutóu,,,,,,,,,lzh7m5skua
tasty,B1,adjective,可口,可口,kěkǒu,,,,,,,,,iqg87jeja9
organ,B1,noun,器官,器官,qìguān,,,,,,,,,p0voxy48i5
"organization, community",B1,noun,團體,团体,tuántǐ,,,,,,,,,7zytu01tqb
"national, citizen",B1,noun,國民,国民,guómín,,,,,,,,,ugbm794rhb
nationality,B1,noun,國籍,国籍,guójí,,,,,,,,,42fgerqmee
Christianity,B1,noun,基督教,基督教,jīdūjiào,,,,,,,,,cpy04914dh
"occasion, event",B1,noun,場合,场合,chǎnghé,,,,,,,,,5xetlji45l
place,B1,noun,場所,场所,chǎngsuǒ,,,,,,,,,amir8pv7ef
soldier,B1,noun,士兵,士兵,shìbīng,,,,,,,,,o4tateg195
foreign language,B1,noun,外文,外文,wàiwén,,,,,,,,,6nhvaq993a
majority,B1,noun/adjective,多數,多数,duōshù,,,,,,,,,sd28iocn1n
Duolingo,B1,proper noun,多鄰國,多邻国,duōlínguó,,,,,,,,,f5qvzxnl4v
atmosphere,B1,noun,大氣,大气,dàqì,,,,,,,,,ejo4a1zdfo
natural,B1,adjective,天然,天然,tiānrán,,,,,,,,,r9oluquruw
Pacific Ocean,B1,proper noun,太平洋,太平洋,tàipíngyáng,,,,,,,,,xhag18c2ha
unemployment,B1,verb/noun,失業,失业,shīyè,,,,,,,,,azcvf7u0hk
Olympic,B1,proper noun,奧林匹克,奥林匹克,àolínpǐkè,,,,,,,,,a83nb6uuaz
committee,B1,noun,委員會,委员会,wěiyuánhuì,,,,,,,,,d47imx7wq9
exist,B1,verb/noun,存在,存在,cúnzài,,,,,,,,,haklyd651g
religion,B1,noun,宗教,宗教,zōngjiào,,,,,,,,,iiy5bokp6q
"define, definition",B1,noun/verb,定義,定义,dìngyì,,,,,,,,,nto3mu9p6h
"promote, propaganda",B1,noun/verb,宣傳,宣传,xuānchuán,,,,,,,,,hzalmjoz4i
clownfish,B1,noun,小丑魚,小丑鱼,xiǎochǒuyú,,,,,,,,,ttwee48gse
minority,B1,noun/adjective,少數,少数,shǎoshù,,,,,,,,,8u0jafdka9
stay at home,B1,adverb,居家,居家,jūjiā,,,,,,,,,wj3hzvth2u
island,B1,noun,島嶼,岛屿,dǎoyǔ,,,,,,,,,14ye5m2lz3
"industry, industrial",B1,noun,工業,工业,gōngyè,,,,,,,,,3h1wrkp0v0
worker,B1,noun,工作者,工作者,gōngzuòzhě,,,,,,,,,owqryf2hnh
work site,B1,noun/verb,工地,工地,gōngdì,,,,,,,,,ri2d7i7mh5
Palestine,B1,proper noun,巴勒斯坦,巴勒斯坦,bālèsītǎn,,,,,,,,,ry77n4tsl6
equal,B1,adjective/noun,平等,平等,píngděng,,,,,,,,,tida5jp6zn
happiness,B1,adjective/noun,幸福,幸福,xìngfú,,,,,,,,,5vd8tqxptk
local,B1,noun/adjective,當地,当地,dāngdì,,,,,,,,,n2rddq8iv7
form,B1,noun,形式,形式,xíngshì,,,,,,,,,sq8126ortp
"influence, affect",B1,noun/verb,影響,影响,yǐngxiǎng,,,,,,,,,51g1dfkeak
regret,B1,verb,後悔,后悔,hòuhuǐ,,,,,,,,,6qcmqmrga1
psychology,B1,noun,心理,心理,xīnlǐ,,,,,,,,,p2jbmoonin
psychologically,B1,adverb,心理上,心理上,xīnlǐ shang,,,,,,,,,su9frb3nnm
mental health,B1,noun,心理健康,心理健康,xīnlǐ jiànkāng,,,,,,,,,otk52nte4z
psychology,B1,noun,心理學,心理学,xīnlǐxué,,,,,,,,,8nj42surq5
necessary,B1,adjective/noun,必要,必要,bìyào,,,,,,,,,9seg8hxhpq
ideology,B1,noun,思想,思想,sīxiǎng,,,,,,,,,xc14xz5x9o
terror,B1,adjective/noun,恐怖,恐怖,kǒngbù,,,,,,,,,9z71tfee18
attitude,B1,noun,態度,态度,tàidu,,,,,,,,,s2ko8jcpa0
champion,B1,noun,戰士,战士,zhànshì,,,,,,,,,d0jzj2v9hl
real estate,B1,noun,房地產,房地产,fángdìchǎn,,,,,,,,,pgfwfy5q53
technology,B1,noun,技術,技术,jìshù,,,,,,,,,mnjqow3p05
"invest, investment",B1,verb/noun,投資,投资,tóuzī,,,,,,,,,1jkob7usdb
protest,B1,noun/verb,抗議,抗议,kàngyì,,,,,,,,,a67x0u9xxj
"spell, order",B1,verb,拼,拼,pīn,,,,,,,,,ravkrf8x2j
donate,B1,noun/verb,捐獻,捐献,juānxiàn,,,,,,,,,xlvg1ba2a7
control,B1,noun/verb,控制,控制,kòngzhì,,,,,,,,,7c2qtc3h82
politics,B1,noun,政治,政治,zhèngzhì,,,,,,,,,04hokrokwn
political party,B1,noun,政黨,政党,zhèngdǎng,,,,,,,,,hzntyhou8k
enemy,B1,noun,敵,敌,dí,,,,,,,,,ptuevog4wb
document,B1,noun,文件,文件,wénjiàn,,,,,,,,,ejfv9dg174
break,B1,verb,斷,断,duàn,,,,,,,,,pvtyrcnn24
dialect,B1,noun,方言,方言,fāngyán,,,,,,,,,ryz2g8ovoy
tourism,B1,noun,旅遊業,旅游业,lǚyóuyè,,,,,,,,,3jr1tam39t
tourist,B1,noun,旅遊者,旅游者,lǚyóuzhě,,,,,,,,,b955bvfwg7
fashion,B1,noun/adjective,時尚,时尚  ,shíshàng  ,,,,,,,,,qs64fbu42h
"smart, intelligent",B1,noun/adjective,智能,智能,zhìnéng,,,,,,,,,x02qbmsvwy
smartphone,B1,noun,智能手機,智能手机,zhìnéng shǒujī,,,,,,,,,592y978395
summertime,B1,noun,暑期,暑期,shǔqī,,,,,,,,,mqqz3mypkz
summer job,B1,noun,暑期工,暑期工,shǔqīgōng,,,,,,,,,0rmiries4p
written,B1,adjective,書面,书面,shūmiàn,,,,,,,,,ihq16929aj
meet,B1,verb/noun,會見,会见,huìjiàn,,,,,,,,,fbypq3agfz
meet,B1,verb/noun,會面,会面,huìmiàn,,,,,,,,,3zbxkig2r9
beneficial,B1,adjective,有益,有益,yǒuyì,,,,,,,,,rxydsb1mhj
North Korea,B1,proper noun,朝鮮,朝鲜,cháoxiǎn,,,,,,,,,xn4fic4rff
villager,B1,noun,村民,村民,cūnmín,,,,,,,,,cvgiwf6dbr
standard,B1,noun/adjective,標準,标准,biāozhǔn,,,,,,,,,48xbi694mj
format,B1,noun,格式,格式,géshì,,,,,,,,,w7xdwcuqgn
orange color,B1,noun/adjective,橘黃色,橘黄色,júhuángsè,,,,,,,,,gezahzmcf7
rights,B1,noun,權利,权利,quánlì,,,,,,,,,f98he8mvpg
walkway,B1,verb,步行道,步行道,bùxíngdào,,,,,,,,,eb2xrd3h32
weapon,B1,noun,武器,武器,wǔqì,,,,,,,,,3rp1avfpzc
"die, death",B1,noun/verb,死亡,死亡,sǐwáng,,,,,,,,,kadslffyiv
pizza (PRC),B1,noun,比薩餅,比萨饼,bǐsàbǐng,,,,,,,,,ppe1mm1gq3
democractic,B1,noun,民主,民主,mínzhǔ,,,,,,,,,t90w5oahsn
"atmosphere, mood",B1,noun,氣氛,气氛,qìfēn,,,,,,,,,jaj4guiwhp
weather,B1,noun,氣象,气象,qìxiàng,,,,,,,,,ymmrk0l8hz
paint,B1,noun/verb,油漆,油漆,yóuqī,,,,,,,,,voibof2rm2
"law, rule",B1,noun,法,法,fǎ,,,,,,,,,cl5rhkbeda
"legal, law",B1,noun,法律,法律,fǎlǜ,,,,,,,,,41fvtvq87h
wave,B1,noun,波,波,bō,,,,,,,,,4dxbsv4th8
fluent,B1,adjective,流利,流利,liúlì,,,,,,,,,6h213wxg9g
ocean,B1,noun,海洋,海洋,hǎiyáng,,,,,,,,,qpxrnhfjn7
"trend, tide",B1,noun,潮流,潮流,cháoliú,,,,,,,,,wqgc9rcqku
volcano,B1,noun,火山,火山,huǒshān,,,,,,,,,x3yal5wwdi
be unable to,B1,adverb,無法,无法,wúfǎ,,,,,,,,,np1p02ngbz
wireless,B1,noun,無線,无线,wúxiàn,,,,,,,,,vs23qha27h
uninteresting,B1,adjective,無趣,无趣,wúqù,,,,,,,,,h5ecouy8u6
frying pan,B1,noun,煎鍋,煎锅,jiānguō,,,,,,,,,x5ve0qdiar
Ireland,B1,proper noun,愛爾蘭,爱尔兰,ài'ěrlán,,,,,,,,,m0c15qbu10
Oxford,B1,proper noun,牛津,牛津,niújīn,,,,,,,,,w2ekig1muj
Jewish,B1,noun,猶太人,犹太人,yóutàirén,,,,,,,,,3cb7b85ttv
independent,B1,adjective,獨立,独立,dúlì,,,,,,,,,pc19i86v36
ideal,B1,noun/adjective,理想,理想,lǐxiǎng,,,,,,,,,5rc67s5uyq
theory,B1,noun,理論,理论,lǐlùn,,,,,,,,,l1o1dvlhpd
life,B1,noun,生命,生命,shēngmìng,,,,,,,,,0fdior82l6
"produce, production",B1,noun/verb,生產,生产,shēngchǎn,,,,,,,,,svyiv1ckk8
apply for,B1,verb,申請,申请,shēnqǐng,,,,,,,,,a1w765vzw7
application,B1,noun,申請書,申请书,shēnqǐngshū,,,,,,,,,y2ga5ow91s
application form,B1,noun,申請表,申请表,shēnqǐngbiǎo,,,,,,,,,haqbxl5fp5
register,B1,noun/verb,登記,登记,dēngjì,,,,,,,,,r6t3w2vlpa
prison,B1,noun,監獄,监狱,jiānyù,,,,,,,,,wkabe6rqcm
relative,B1,adjective/adverb,相對,相对,xiāngduì,,,,,,,,,d060fjsn9c
sleep (noun),B1,noun,睡眠,睡眠,shuìmián,,,,,,,,,7bciamhik1
knowledge,B1,noun,知識,知识,zhīshi,,,,,,,,,hyiufw6xhz
social,B1,noun/verb,社交,社交,shèjiāo,,,,,,,,,szjo1ry5t6
"mystery, mysterious ",B1,adjective,神秘,神秘,shénmì ,,,,,,,,,omi9lub09n
private,B1,noun/adjective,私人,私人,sīrén,,,,,,,,,xyy7idkykz
science,B1,noun/adjective,科幻,科幻,kēhuàn,,,,,,,,,zhxtjo7k5q
science fiction,B1,noun,科幻小說,科幻小说,kēhuàn xiǎoshuō,,,,,,,,,hheh3imc9e
"site, website",B1,noun,站點,站点,zhàndiǎn,,,,,,,,,irehw7n8ro
manage,B1,verb/noun,管理,管理,guǎnlǐ,,,,,,,,,cg24illsmq
manager,B1,noun,管理員,管理员,guǎnlǐyuán,,,,,,,,,sf094rjr0b
spirit,B1,noun/adjective,精神,精神,jīngshén,,,,,,,,,6ctl4ws13s
system,B1,noun,系統,系统,xìtǒng,,,,,,,,,vshxz4n30o
commemorate,B1,noun/verb,紀念,纪念,jìniàn,,,,,,,,,m5814kv8s8
vegetarian,B1,noun,素食者,素食者,sùshízhě,,,,,,,,,ys2zw4uftc
organize,B1,noun/verb,組織,组织,zǔzhī,,,,,,,,,ch35njzsxt
economy,B1,noun,經濟,经济,jīngjì,,,,,,,,,6eigzr0fuy
president,B1,noun,總統,总统,zǒngtǒng,,,,,,,,,3bk1jqu6s1
draw,B1,noun/verb,繪畫,绘画,huìhuà,,,,,,,,,vhppv17xtp
"program, code",B1,noun/verb,編程,编程,biānchéng,,,,,,,,,alk3utj2fx
Jesus,B1,proper noun,耶穌,耶稣,yēsū,,,,,,,,,0drp4l2zyc
unite,B1,verb,聯合,联合,liánhé,,,,,,,,,f328ruaifx
United Nations,B1,proper noun,聯合國,联合国,liánhéguó,,,,,,,,,0db3hwlkk2
victory,B1,adverb,勝利,胜利,shènglì,,,,,,,,,pzfybju9xu
automatic,B1,adverb,自動,自动,zìdòng,,,,,,,,,uf714q470q
raise,B1,verb,舉,举,jǔ,,,,,,,,,y6h55spzvi
British Broadcasting Corp.,B1,proper noun,英國廣播公司,英国广播公司,yīngguó guǎngbō gōngsī,,,,,,,,,0jrwacnh2r
artist,B1,noun,藝術家,艺术家,yìshùjiā,,,,,,,,,2afxg9f81w
egg white,B1,noun,蛋白,蛋白,dànbái,,,,,,,,,uw4jlubzl8
planet,B1,noun,行星,行星,xíngxīng,,,,,,,,,sdy0kqx1qo
"express, expression",B1,verb/noun,表現,表现,biǎoxiàn,,,,,,,,,wsollg1lvz
express,B1,verb/noun,表達,表达,biǎodá,,,,,,,,,ccy55hcxho
"complicated, complex",B1,adjective,複雜,复杂,fùzá,,,,,,,,,6b5cs6u994
"request, requirement",B1,noun/verb,要求,要求,yāoqiú,,,,,,,,,e8ag6tfor9
design,B1,noun/verb,設計,设计,shèjì,,,,,,,,,ipzcm16woq
vocabulary,B1,verb,詞彙,词汇,cíhuì,,,,,,,,,xswboidk98
property,B1,noun,財產,财产,cáichǎn,,,,,,,,,w8z27o6yba
quality,B1,noun,質量,质量,zhìliàng,,,,,,,,,53sno5uxof
software,B1,noun,軟件,软件,ruǎnjiàn,,,,,,,,,cv5t36lk10
office work,B1,verb,辦公,办公,bàngōng,,,,,,,,,lgic46o5pa
retire,B1,verb,退休,退休,tuìxiū,,,,,,,,,g7ahx26vzy
ugly,B1,adjective,醜陋,丑陋,chǒulòu,,,,,,,,,vz4hxr4lug
develop,B1,verb/noun,開發,开发,kāifā,,,,,,,,,lqdxqsmqup
privacy,B1,noun,隱私,隐私,yǐnsī,,,,,,,,,ywe5e854r1
electronic,B1,noun,電子,电子,diànzǐ,,,,,,,,,wwlf83isct
interview,B1,noun/verb,面試,面试,miànshì,,,,,,,,,rwv4o7zblc
revolution,B1,noun/verb,革命,革命,gémìng,,,,,,,,,vsimfvx9r8
sound,B1,noun,音,音,yīn,,,,,,,,,88cronvwjt
forecast,B1,noun/verb,預報,预报,yùbào,,,,,,,,,24si964a7k
Malaysia,B1,proper noun,馬來西亞,马来西亚,mǎláixīyà,,,,,,,,,myrv8fpvlv
"cause, undertaking",B2,noun,事業,事业,shìyè,,,,,,,,,pmtgz4q2mp
human nature,B2,noun,人性,人性,rénxìng,,,,,,,,,j97ydaer25
human rights,B2,noun,人權,人权,rénquán,,,,,,,,,myrc6mdyca
anthropology,B2,noun,人類學,人类学,rénlèixué,,,,,,,,,lgr061xlqx
Islam,B2,noun,伊斯蘭教,伊斯兰教,yīsīlánjiào,,,,,,,,,meezt6ofv1
transmit,B2,noun/verb,傳輸,传输,chuánshū,,,,,,,,,jvg64w29gl
"belief, faith",B2,noun,信仰,信仰,xìnyǎng,,,,,,,,,q1eayntfw5
personal property,B2,noun,個人財產,个人财产,gèrén cáichǎn,,,,,,,,,x8c7sma1cj
globalize,B2,noun,全球化,全球化,quánqiúhuà,,,,,,,,,4q6b2c2nj7
total length,B2,adverb,全長,全长,quáncháng,,,,,,,,,wtyfea3k51
revolve,B2,noun/verb,公轉,公转,gōngzhuàn,,,,,,,,,48nrmvwgjh
communism,B2,noun,共產主義,共产主义,gòngchǎn zhǔyì,,,,,,,,,a8sskjmsdm
Communist Party,B2,noun,共產黨,共产党,gòngchǎndǎng,,,,,,,,,wlnmc8e9q2
civil war,B2,noun,內戰,内战,nèizhàn,,,,,,,,,e8z1bm7peb
principle,B2,noun,原理,原理,yuánlǐ,,,,,,,,,si1ynzlqm1
friend,B2,noun,友人,友人,yǒurén,,,,,,,,,5ecbo6c7q5
alliance,B2,noun,同盟,同盟,tóngméng,,,,,,,,,vjbvcew3z3
allied country,B2,noun,同盟國,同盟国,tóngméngguó,,,,,,,,,mrwe13ruef
ally,B2,noun,同盟者,同盟者,tóngméngzhě,,,,,,,,,4e25w0c090
philosophy,B2,noun,哲學,哲学,zhéxué,,,,,,,,,z7gjli1n54
nationalist party,B2,proper noun,國民黨,国民党,guómíndǎng,,,,,,,,,sud6wj4h5r
librarian,B2,noun,圖書管理員,图书管理员,túshū guǎnlǐyuán,,,,,,,,,6xx03zfws8
geography,B2,noun,地理學,地理学,dìlǐxué,,,,,,,,,az835jf44c
geology,B2,noun,地質學,地质学,dìzhìxué,,,,,,,,,bolxctjem1
city planning,B2,noun,城市規劃,城市规划,chéngshì guīhuà,,,,,,,,,1q05sl3083
statement,B2,noun/verb,聲明,声明,shēngmíng,,,,,,,,,94aefjlrd4
loanword,B2,noun,外來詞,外来词,wàiláicí,,,,,,,,,j0oew8dhev
outside world,B2,noun,外界,外界,wàijiè,,,,,,,,,7tfohafctv
unemployment rate,B2,noun,失業率,失业率,shīyèlǜ,,,,,,,,,0wo3xlr0vl
"declare, declaration",B2,noun,宣言,宣言,xuānyán,,,,,,,,,y3bx1m94uy
dictatorship,B2,noun,專政,专政,zhuānzhèng,,,,,,,,,solholfok4
minority ethnicity,B2,noun,少數民族,少数民族,shǎoshù mínzú,,,,,,,,,qv4ckkre7t
island country,B2,noun,島國,岛国,dǎoguó,,,,,,,,,rm49j7yi7r
"awareness, sense",B2,noun,意識,意识,yìshí,,,,,,,,,6s0td77avm
pity,B2,verb/noun,憐憫,怜悯,liánmǐn,,,,,,,,,5pppkaxa08
strategy,B2,noun,戰略,战略,zhànlüè,,,,,,,,,mlh3ismavh
depressed,B2,adjective/noun,抑鬱,抑郁,yìyù,,,,,,,,,rxcqrszuyw
priest,B2,noun,教士,教士,jiàoshì,,,,,,,,,8ajmwpv8gl
civilization,B2,noun,文明,文明,wénmíng,,,,,,,,,d9gq0lnpkj
Classical Chinese,B2,noun,文言,文言,wényán,,,,,,,,,x5rvltrj6j
bright,B2,adjective,明,明,míng,,,,,,,,,jgf29w3y7d
galaxy,B2,noun,星系,星系,xīngxì,,,,,,,,,02trph1u53
smart card,B2,noun,智能卡,智能卡,zhìnéngkǎ,,,,,,,,,40srfmb90k
material,B2,noun,材料,材料,cáiliào,,,,,,,,,cb6xd4rymp
standardize,B2,verb,標準化,标准化,biāozhǔnhuà,,,,,,,,,b9jw785gcm
European Union,B2,proper noun,歐洲聯盟,欧洲联盟,ōuzhōu liánméng,,,,,,,,,kpqxj2ixyz
"discriminate, discrimination",B2,noun/verb,歧視,歧视,qíshì,,,,,,,,,bpuo7yrsq3
democracy,B2,noun,民主主義,民主主义,mínzhǔ zhǔyì,,,,,,,,,g4c3xpm67w
"ethnic, ethnicity",B2,noun,民族,民族,mínzú,,,,,,,,,fp0zw3o01q
car,B2,noun,汽車,汽车,qìchē,,,,,,,,,zvx0vq1xlk
olive,B2,noun,油橄欖,油橄榄,yóugǎnlǎn,,,,,,,,,nn04vp0vk2
absent-mindedness,B2,adjective,無心,无心,wúxīn,,,,,,,,,ofxpuv3fp7
atheism,B2,noun,無神論,无神论,wúshénlùn,,,,,,,,,h1bbix4d1g
atheist,B2,noun,無神論者,无神论者,wúshénlùnzhě,,,,,,,,,rta7ob0yf0
"keep in mind, remember",B2,verb,牢記,牢记,láojì,,,,,,,,,l3b1rv8exs
species,B2,noun,物種,物种,wùzhǒng,,,,,,,,,hwi0ejylod
Judaism,B2,noun,猶太教,犹太教,yóutàijiào,,,,,,,,,zzfxjhwvoe
independence,B2,noun,獨立性,独立性,dúlìxìng,,,,,,,,,bxgxq80m8f
alone,B2,adverb,獨自,"独自",dúzì,,,,,,,,,j1rrurkyp8
autocracy,B2,noun,獨裁,独裁,dúcái,,,,,,,,,xpzbsk8gzv
relativity theory,B2,noun,相對論,相对论,xiāngduìlùn,,,,,,,,,6gg8jjggv5
truth,B2,noun,真理,真理,zhēnlǐ,,,,,,,,,pfaqoxllz9
socialism,B2,noun,社會主義,社会主义 ,shèhuì zhǔyì,,,,,,,,,ss94vdphfm
"race, racial",B2,noun,種族,种族,zhǒngzú,,,,,,,,,f4lpvmcguf
manager,B2,noun,管理師,管理师,guǎnlǐshī,,,,,,,,,gnbkm6mcsu
vegetarianism,B2,noun,素食主義,素食主义,sùshí zhǔyì,,,,,,,,,ds8bil7h17
programmer,B2,noun,編程人員,编程人员,biānchéng rényuán,,,,,,,,,q3nrbjhnec
union,B2,noun,聯盟,联盟,liánméng,,,,,,,,,n86pm3jig8
natural selection,B2,noun,自然選擇,自然選擇,zìrán xuǎnzé,,,,,,,,,ehqv0kxfpj
liberalism,B2,noun,自由主義,自由主义,zìyóu zhǔyì,,,,,,,,,bqbn9n3cii
rotate,B2,noun/verb,自轉,自转,zìzhuàn  ,,,,,,,,,0pg5bintek
cake,B2,noun,蛋糕,蛋糕,dàngāo,,,,,,,,,nr177986z7
feeling,B2,noun,觸覺,触觉,chùjué,,,,,,,,,mextrwh6bc
police,B2,noun,警察,警察,jǐngchá,,,,,,,,,jpgya687zu
buy,B2,verb,買,买,mǎi,,,,,,,,,xnnwgm3rae
capital,B2,noun,資本,资本,zīběn,,,,,,,,,v5vprtolsf
"origin, originate",B2,noun/verb,起源,起源,qǐyuán,,,,,,,,,q5a7j5fe9w
draft,B2,verb,起草,起草,qǐcǎo,,,,,,,,,4fthsmurew
neighbor,B2,noun,鄰,邻,lín,,,,,,,,,gv1q45h260
scandal,B2,noun,醜聞,丑闻,chǒuwén,,,,,,,,,ppi3926tvd
"reform, innovate",B2,noun/verb,革新,革新,géxīn,,,,,,,,,v4siy9b6z4
knight,B2,noun,騎士,骑士,qíshì,,,,,,,,,s1v9q8kmah
salmon,B2,noun,鮭,鲑,guī,,,,,,,,,ddmriwcm4o
Scandinavia,C,proper noun,斯堪的納維亞,斯堪的纳维亚,sīkāndínàwéiyà,,,,,,,,,jplkwlqn7b
fascism,C,noun,法西斯主義,法西斯主义,fǎxīsī zhǔyì,,,,,,,,,z2t1qgffv7
theorist,C,noun,理論家,理论家,lǐlùnjiā,,,,,,,,,aa5j6135vy
theology,C,noun,神學,神学,shénxué,,,,,,,,,yexnq7alax
